<?xml version="1.0" encoding="UTF-8" standalone="yes"?>
<addon id="plugin.video.HMVSInstaller" name="[COLOR gold]HMVS[/COLOR]" version="1.0.0" provider-name="[COLOR gold]Hackermil[/COLOR]">
  <requires>
    <import addon="xbmc.python" version="2.1.0"/>
  </requires>
  <extension point="xbmc.python.pluginsource" library="default.py">
        <provides>video executable</provides>
  </extension>
  <extension point="xbmc.addon.metadata">
    <summary lang="en">Unleash HMVS</summary>
    <description lang="en">The absolute epitome of eye candy and user-x. HMVS full Kodi set up configurations bring you the best of KODI, carefully and meticulously organized for your comfort by the one and only King of Kodi Swag, Hackermil.</description>
    <platform>all</platform>
  </extension>
</addon>